ts	phase	decision	why	evidence	result
2026-08-15T23:48:36Z	frame	Defined done as a production build, tested event protocol, live three-worker run, browser-verified interface, complete docs, and clean commits	The autonomous run needs a checkable exit condition before implementation	/tmp/arena-fleet-architecture/brief.md	predicate defined
2026-08-15T23:48:36Z	grounding	Kept Sail workers asynchronous and made Fleet events the live progress channel	Sail workers do not stream responses, but the interface must remain active	Sail support matrix and live resp_01a007d1-dfc5-77b0-a79b-02cb9e7b50ad	Sail text and function-call requests passed
2026-08-15T23:48:36Z	grounding	Used Browserbase Search and Fetch as worker tools	Both endpoints passed live credential checks without a browser session	Browserbase request c9529183-a240-4cb7-b7d3-54e7e6b4845b	Search and Fetch passed
2026-08-15T23:48:36Z	design	Kept the Grok desktop-chat restraint and reserved visual motion for Fleet activity	The reference works through density, spacing, and quiet hierarchy rather than decoration	/Users/kylejeong/.codex/attachments/1d9febd9-b3c7-48bd-bce5-0c13e6edc78b/image-1.png	visual direction grounded
2026-08-15T23:58:00Z	architecture	Selected a compact journal-first service with SQLite, one run coordinator, SSE replay, and one hot browser store	Three candidates converged on the event invariant; the cross-judge preferred candidate 2 but flagged its production package layout as too large for the first complete build	docs/architecture.md	VERIFIED design synthesized
2026-08-16T00:05:00Z	interface	Selected UI prototype 1 as the base and kept prototype 2's current-objective block and compact trace footer	Prototype 1 kept all agents visible, avoided horizontal overflow, and made the right trace drawer legible at the target viewport	/tmp/arena-fleet-ui/candidate-1/prototype.html	VERIFIED in Chrome at 1280 by 768
2026-08-16T00:12:00Z	scaffold	Scaffolded TanStack Start and upgraded three vulnerable development dependencies before committing	The initial audit reported four high or critical advisories; patched Vite, Vitest, and Playwright releases removed them	commit 79513a4	build and audit green
2026-08-16T00:12:00Z	cleanup	Configured TanStack route generation without blanket lint and type suppressions	A fresh comment audit found generator-controlled file-wide suppressions; the router config can remove them without editing generated output	vite.config.ts, src/routeTree.gen.ts	three suppressions removed
2026-08-16T00:42:00Z	documentation	Separated deterministic, live-worker, and fully live execution profiles in every operator-facing guide	A high-throughput product must never blur simulated progress with paid provider output	README.md, docs/providers.md, docs/testing.md	provider and verification boundaries explicit
2026-08-16T01:11:00Z	live-verification	Removed background execution and request idempotency headers from Sail DeepSeek V4 Flash calls	A three-worker live run exposed that Sail's ASAP-only model rejects both request modes; synchronous Responses calls succeed and Fleet still provides durable progress events	live runs f0369454, cd21de5c, 508fb949	VERIFIED final run completed with real Sail, Search, and Fetch activity
2026-08-16T01:18:00Z	interface-verification	Added a static interface-copy contract and aligned architecture notes with the implemented route-owned projection	The product requirements prohibit eyebrow and uppercase styling, and documentation must describe the shipped state model rather than a proposed abstraction	src/routes/-ui-contract.test.ts, docs/architecture.md	VERIFIED contract runs with the unit suite
2026-08-16T01:23:00Z	provider-safety	Removed automatic Browserbase retries after network exceptions	A thrown fetch cannot establish that a paid Search or Fetch request was never accepted, so replay could duplicate cost or side effects	src/server/fleet/providers/browserbase.test.ts	VERIFIED one request on ambiguous failure
2026-08-16T01:27:00Z	provider-safety	Applied one HTTP and HTTPS URL schema to Sail tool arguments, Browserbase results, and public Fleet events	Generic URL validation accepts file, FTP, and mail schemes that research tools must never fetch	src/server/fleet/protocol.test.ts, src/server/fleet/providers/browserbase.test.ts	VERIFIED unsupported schemes fail before provider calls
2026-08-16T01:29:00Z	correction	Clarified that Sail model turns are synchronous while the coordinator remains outside the HTTP request lifecycle	Live verification superseded the earlier shorthand that called Sail workers asynchronous	docs/architecture.md, docs/live-verification.md	prior grounding retained; runtime boundary corrected
2026-08-16T01:29:00Z	evidence	Added a sanitized, reproducible record for the three-worker live-provider run	Raw provider responses and ignored SQLite state are not suitable repository evidence	docs/live-verification.md	live result and Gateway verification gap recorded
2026-08-16T01:29:00Z	provider-safety	Extended the shared web URL boundary to reject literal loopback, private-network, link-local, and IPv6 targets	HTTP and HTTPS scheme checks alone still admit non-public destinations	src/server/fleet/protocol.test.ts, docs/providers.md	local targets fail before provider calls
2026-08-16T01:31:00Z	provider-safety	Normalized trailing DNS dots before public-host checks	Fully qualified localhost with a trailing dot resolves to loopback but bypasses an exact hostname comparison	src/server/fleet/protocol.test.ts	localhost and localhost-dot fail before provider calls
2026-08-16T01:34:00Z	provider-safety	Added resolved-address validation and disabled Browserbase redirects	Lexical hostname checks cannot detect metadata aliases, private DNS answers, or public-to-private redirects	src/server/fleet/providers/browserbase.test.ts, docs/providers.md	all resolved addresses must be public before one non-redirecting Fetch call
2026-08-16T01:35:00Z	live-verification	Repeated the live-worker path after DNS enforcement	Security controls must preserve the intended Sail plus Browserbase workflow	docs/live-verification.md	VERIFIED one worker, one Search, three Fetch calls, and synthesis completed
2026-08-16T01:38:00Z	provider-safety	Replaced hand-written IP range checks with ipaddr.js range classification	IPv4-mapped IPv6 has multiple canonical forms and denylist parsing missed hexadecimal private addresses	src/server/fleet/protocol.test.ts	mapped loopback, private, and link-local forms classify as non-public
2026-08-16T01:52:00Z	interface	Removed the conversation sidebar and let the chat occupy the full application shell	The single-purpose Fleet experience does not need fake navigation or placeholder threads	src/routes/index.tsx, tests/e2e/fleet.spec.ts	sidebar absent at every viewport
2026-08-16T01:52:00Z	animation	Selected Motion for state-driven inline SVG robots	Rive requires a canonical authored asset and dotLottie favors playback; Motion maps agent state directly to character parts and reduced-motion behavior	docs/animation.md, src/routes/index.tsx	active robots use library-driven rig, eye, arm, antenna, and core motion
2026-08-16T03:35:00Z	live-reliability	Enforced a three-call worker research budget by removing tools from the next Sail turn	Actual Chrome runs showed DeepSeek ignoring stop instructions and exhausting all eight turns despite collecting 29 sources	src/server/fleet/providers/sail.test.ts, live UI runs	workers must synthesize collected evidence instead of looping on Search
2026-08-16T03:38:02Z	tooling	Migrated the repository from npm to pnpm 10.22.0	One pinned package manager and one lockfile make local installs and browser-test startup reproducible	package.json, pnpm-lock.yaml, playwright.config.ts	frozen online and offline installs plus every pnpm verification gate passed
2026-08-16T03:57:31Z	interface	Kept orchestration in the conversation and made fleet inspection explicitly user-opened	Agent breadth should be visible as progress without forcing users into implementation detail or dumping every finding into the answer	src/routes/index.tsx, src/server/fleet/providers/development.ts	Browser flow showed orchestrator progress, no automatic dialog, manual trace inspection, and one synthesized paragraph
2026-08-16T03:57:31Z	tooling	Removed the local Playwright suite and standardized visible verification on the Browser plugin	The requested verification surface is the actual local application in the in-app browser, while Vitest continues to cover service invariants	package.json, docs/testing.md, removed Playwright files	Browser flow covered both Enter submissions, agent inspection, trace expansion, modal behavior, and final synthesis
2026-08-16T04:14:30Z	observability	Added structured server logs for the complete fleet lifecycle	Operators need to see parallel agent, tool, synthesis, timing, and failure progress directly in pnpm dev without exposing credentials or fetched bodies	src/server/fleet/log.ts, src/server/fleet/coordinator.ts	three-agent smoke run produced ordered readable lifecycle logs through completion
2026-08-16T04:14:30Z	interface	Removed execution-profile selection and made every interface launch a full live fleet	Development and worker-only modes are implementation and test concerns, not product choices	src/routes/index.tsx, README.md, docs/local-development.md	Browser showed one fleet-size dropdown and no execution-profile control
2026-08-16T04:29:26Z	citations	Carried source URLs and agent identities through synthesis into safe linked Markdown	A research answer should expose both external evidence and the exact internal trace behind each claim without reconstructing provenance after generation	src/server/fleet/ports.ts, src/server/fleet/coordinator.ts, src/server/fleet/providers/gateway.ts, src/routes/index.tsx	live one-agent Browser run rendered 731 words, 26 source links, 14 agent citations, and opened the cited Frame scout trace
2026-08-16T04:29:26Z	resilience	Made individual tool failures recoverable evidence events	One source returning 403 must not discard useful Search evidence or fail an entire research angle	src/server/fleet/coordinator.ts, src/server/fleet/coordinator.test.ts	failed Fetch stayed in trace while the live agent continued to a successful cited synthesis
2026-08-16T04:33:21Z	interface	Aligned the conversation and follow-up composer to one responsive content column	Long questions and full-width inputs overwhelmed the research answer on large screens and caused inconsistent gutters across breakpoints	src/routes/index.tsx, src/styles.css	Browser measurements at 1280, 820, and 390 pixels showed exact column alignment and zero horizontal overflow
2026-08-16T04:41:45Z	interface	Removed the decorative fleet mark from the welcome-stage center	The repeated mark added visual noise above the primary research heading while the persistent header already carries the product identity	src/routes/index.tsx, src/styles.css	Browser desktop and 390-pixel mobile renders showed no center mark, retained header branding, and zero horizontal overflow
